{"tissue_hires_scalef": 0.10964912, "tissue_lowres_scalef": 0.032894738, "fiducial_diameter_fullres": 228.96449915358684, "spot_diameter_fullres": 141.73992804745853}